Artist, Song, track_uri
Eminem, Public Service Announcement, 0vE6mttRTBXRe9rKghyr1l
Eminem, Bitch - Skit, 0vE6mttRTBXRe9rKghyr1l
Eminem, Role Model, 0vE6mttRTBXRe9rKghyr1l
Eminem, Ken Kaniff - Skit, 0vE6mttRTBXRe9rKghyr1l
Eminem, Public Service Announcement 2000, 5xifZlByZcZecgkP7sYSoW
Eminem, Who Knew, 5xifZlByZcZecgkP7sYSoW
Eminem, Steve Berman, 5xifZlByZcZecgkP7sYSoW
Eminem, The Kids, 5xifZlByZcZecgkP7sYSoW
Eminem, Paul Rosenberg - Skit, 6FSYxVo82U1lXyDAKYqpvi
Eminem, Steve Berman - Skit, 6FSYxVo82U1lXyDAKYqpvi
Eminem, Say What You Say, 6FSYxVo82U1lXyDAKYqpvi
Eminem, Never Enough, 4F1k3oxk5iTQKenjkBpDe4
Eminem, Big Weenie, 4F1k3oxk5iTQKenjkBpDe4
Eminem, Em Calls Paul - Skit, 4F1k3oxk5iTQKenjkBpDe4
Eminem, Ass Like That, 4F1k3oxk5iTQKenjkBpDe4
Eminem, Guilty Conscience, 7noFMA2IKYinbfffRFcCGk
Eminem, Role Model, 7noFMA2IKYinbfffRFcCGk
Eminem, Guilty Conscience, 1zUY4PAFrNUOCeaEBrEHzh
Eminem, Dr. West - Skit, 7MZzYkbHL9Tk3O6WeD4Z0Z
Eminem, Paul - Skit, 7MZzYkbHL9Tk3O6WeD4Z0Z
Eminem, Must Be The Ganja, 7MZzYkbHL9Tk3O6WeD4Z0Z
Eminem, Steve Berman - Skit, 7MZzYkbHL9Tk3O6WeD4Z0Z
Eminem, Medicine Ball, 6tgULf2EfJoT8n1StuPQJt
Eminem, Paul - Skit, 6tgULf2EfJoT8n1StuPQJt
Eminem, Must Be The Ganja, 6tgULf2EfJoT8n1StuPQJt
Eminem, Steve Berman - Skit, 6tgULf2EfJoT8n1StuPQJt
Eminem, Cold Wind Blows, 47BiFcV59TQi2s9SkBo2pb
Eminem, Offended, 0U6ldwLBEMkwgfQRY4V6D2
Aerosmith, Intro, 1tuM8yBePaekEruGsH2J79
Dr. Dre, The Watcher, 5csXMdS69VOvh8MjyfwkjB
Dr. Dre, Fuck You, 5csXMdS69VOvh8MjyfwkjB
Dr. Dre, Let's Get High, 5csXMdS69VOvh8MjyfwkjB
Dr. Dre, Bitch Niggaz, 5csXMdS69VOvh8MjyfwkjB
Dr. Dre, The Car Bomb, 5csXMdS69VOvh8MjyfwkjB
2Pac, Keep Ya Head Up, 7FK1855C3n1Q0RKbmvl7ll
2Pac, Intro, 3OrucS4sHv6Bl9GS4rafEk
2Pac, Redemption, 7zURSbIVZ5vl3NIKkrVRvl
2Pac, Open Fire, 7zURSbIVZ5vl3NIKkrVRvl
2Pac, Fake Ass Bitches, 7zURSbIVZ5vl3NIKkrVRvl
2Pac, Tupac Interlude, 17v0WKUfqS4lRiWslYyVWh
2Pac, When Ure Heart Turns Cold, 17v0WKUfqS4lRiWslYyVWh
2Pac, The Rose That Grew From Concrete, 17v0WKUfqS4lRiWslYyVWh
2Pac, What Of Fame?, 17v0WKUfqS4lRiWslYyVWh
2Pac, Only 4 The Righteous, 17v0WKUfqS4lRiWslYyVWh
2Pac, Why Must U Be Unfaithful, 17v0WKUfqS4lRiWslYyVWh
2Pac, My Closest RoadDogz - Album Version (Edited), 7AdntJMWn1KNRGcc2MwSPw
2Pac, Fair Xchange - Jazze Pha Remix, 5tue3HeaFm6XHyYXhI1kww
2Pac, One Day At A Time (Em's Version) - Album Version (Edited), 0f69i0LfCoP7WLsMkEhw73
2Pac, Secretz Of War - Album Version (Edited), 0f69i0LfCoP7WLsMkEhw73
2Pac, The Realist Killaz - Album Version (Edited), 0f69i0LfCoP7WLsMkEhw73
2Pac, All Eyez On Me, 3dMVCQhmZhY0VNZpJd42TN
2Pac, The Uppercut, 33lk2GnP8cJzl7cd1OJrXn
2Pac, N.I.G.G.A. (Never Ignorant About Getting Goals Accomplished), 33lk2GnP8cJzl7cd1OJrXn
2Pac, Intro (feat. 40. Cal), 3HpOdUluPn8udzpDxqJAo3
2Pac, When Ure Heart Turns Cold, 3HpOdUluPn8udzpDxqJAo3
2Pac, Black Woman, 3HpOdUluPn8udzpDxqJAo3
2Pac, Do What I Feel - Live, 6D0Hs5x0mIr613AU0jOSM2
2Pac, Picture Me Rollin' (feat. Kurupt & Butch Cassidy), 5y1YRK4BJCQWKLHr9gcUMK
Rihanna, That La, La, La, 4FyGpObwABjn0o8Tdp7AZz
Johnny Cash, Dialogue #1 - Live at the London Palladium, London, UK - September 1975, 3oHKMtDZ749pBz2enrn9NK
Johnny Cash, Dialogue #2 - Live at the London Palladium, London, UK - September 1975, 3oHKMtDZ749pBz2enrn9NK
Johnny Cash, Church in the Wildwood - Live at the London Palladium, London, UK - September 1975, 3oHKMtDZ749pBz2enrn9NK
Johnny Cash, Dialogue #5 - Live at the London Palladium, London, UK - September 1975, 3oHKMtDZ749pBz2enrn9NK
Johnny Cash, Dialogue #6 - Live at the London Palladium, London, UK - September 1975, 3oHKMtDZ749pBz2enrn9NK
Johnny Cash, Dialogue #4, 4ILt0IpjcGEEpXOotZ7dDY
Johnny Cash, Dialogue #5, 4ILt0IpjcGEEpXOotZ7dDY
Johnny Cash, Dialogue #6, 4ILt0IpjcGEEpXOotZ7dDY
Johnny Cash, On The Road Again - Live, 5oxPtVVFqgBMDwGIzDrmXz
Johnny Cash, Drive On - Live, 76MnkPIZLw49vwrIBods74
Johnny Cash, The Fourth Man In The Fire, 5xeMctXQWNmMq4aAjwuR3e
Johnny Cash, Book Review, 5xeMctXQWNmMq4aAjwuR3e
Johnny Cash, Ragged Old Flag - Live At The Paramount Theatre, NJ/1990, 3dE4eOntaYteXaF7fzjLze
Johnny Cash, Album Introduction (John Carter Cash Commentary), 3dRFmDw9G5PxumLuaWxPK2
Johnny Cash, Out Among the Stars (John Carter Cash Commentary), 3dRFmDw9G5PxumLuaWxPK2
Johnny Cash, Baby Ride Easy (John Carter Cash Commentary), 3dRFmDw9G5PxumLuaWxPK2
Johnny Cash, She Used to Love Me a Lot (John Carter Cash Commentary), 3dRFmDw9G5PxumLuaWxPK2
Johnny Cash, After All (John Carter Cash Commentary), 3dRFmDw9G5PxumLuaWxPK2
Johnny Cash, I'm Movin' On (John Carter Cash Commentary), 3dRFmDw9G5PxumLuaWxPK2
Johnny Cash, If I Told You Who It Was (John Carter Cash Commentary), 3dRFmDw9G5PxumLuaWxPK2
Johnny Cash, Call Your Mother (John Carter Cash Commentary), 3dRFmDw9G5PxumLuaWxPK2
Johnny Cash, I Drove Her Out of My Mind (John Carter Cash Commentary), 3dRFmDw9G5PxumLuaWxPK2
Johnny Cash, Tennessee (John Carter Cash Commentary), 3dRFmDw9G5PxumLuaWxPK2
Johnny Cash, Rock and Roll Shoes (John Carter Cash Commentary), 3dRFmDw9G5PxumLuaWxPK2
Johnny Cash, Don't You Think It's Come Our Time (John Carter Cash Commentary), 3dRFmDw9G5PxumLuaWxPK2
Johnny Cash, I Came to Believe (John Carter Cash Commentary), 3dRFmDw9G5PxumLuaWxPK2
John Denver, Lining Track, 75ChgvAlfFOk9145qwMzD6
John Denver, John Speaks To The Audience - Live, 1fl4urF2NbKB7B4UXJlQDE
John Denver, Saturday Night In Toledo, Ohio - Live, 1fl4urF2NbKB7B4UXJlQDE
John Denver, I Lost My Heart On A 747 (Remastered) - Live, 34tsqj9NVgpD4VzcqHbjif
John Denver, Intro To 60 Second Song For A Bank, With The Phrase “May We Help You Today?” (Remastered) - Live, 34tsqj9NVgpD4VzcqHbjif
Kishore Kumar, Naari Charitra Bejaay Jatil (From "Ogo Badhu Sundari"), 2sCZ54RWTOtaorwbwpa3gg

